,code,fine,score,content
0,,,,
1,10011,200,0,驾驶拼装的机动车上道路行驶的 （驾驶摩托车、拖拉机未从事营运的）
2,10012,500,0,驾驶拼装的机动车上道路行驶的 （驾驶摩托车、拖拉机从事营运的）
3,10013,500,0,驾驶拼装的机动车上道路行驶的 （驾驶其他类型的机动车未从事营运的）
4,10014,1000,0,驾驶拼装的机动车上道路行驶的（驾驶其他类型的机动车从事货运的）
5,10015,2000,0,驾驶拼装的机动车上道路行驶的（驾驶其他类型的机动车从事营运的）
6,10021,200,0,驾驶已达报废标准的车辆上道路行驶的（驾驶摩托车、拖拉机未从事营运的）
7,10022,500,0,驾驶已达报废标准的车辆上道路行驶的（驾驶其摩托车、拖拉机从事营运的）
8,10023,500,0,驾驶已达报废标准的车辆上道路行驶的 （驾驶其他类型的机动车未从事营运的）
9,10024,1000,0,驾驶已达报废标准的车辆上道路行驶的（驾驶其他类型的机动车从事货运的）
10,10025,2000,0,驾驶已达报废标准的车辆上道路行驶的（驾驶其他类型的机动车从事客运的）
11,10030,0,0,造成交通事故后逃逸，构成犯罪的
12,10040,0,0,违反道路交通安全法律、法规的规定，发生重大事故，构成犯罪的
13,10041,0,0,饮酒后驾驶机动车发生重大交通事故，构成犯罪的
14,10042,0,0,醉酒后驾驶机动车发生重大交通事故，构成犯罪的
15,10051,200,0,未取得驾驶证驾驶机动车的（驾驶拖拉机 、摩托车的）
16,10052,500,0,未取得驾驶证驾驶机动车的（驾驶低速载货汽车、三轮汽车的）
17,10053,1000,0,未取得驾驶证驾驶机动车的（驾驶其他机动车的）
18,10061,200,0,驾驶证被吊销期间驾驶机动车的（驾驶拖拉机、摩托车的）
19,10062,500,0,驾驶证被吊销期间驾驶机动车的（驾驶低速载货汽车、三轮汽车的）
20,10063,1000,0,驾驶证被吊销期间驾驶机动车的 （驾驶其他机动车的）
21,10071,200,0,把机动车交给未取得机动车驾驶证的人驾驶的（驾驶拖拉机、摩托车的）
22,10072,500,0,把机动车交给未取得机动车驾驶证的人驾驶的（驾驶低速载货汽车、三轮汽车的）
23,10073,1000,0,把机动车交给未取得机动车驾驶证的人驾驶的（驾驶其他机动车的）
24,10081,200,0,把机动车交给机动车驾驶证被吊销的人驾驶的（驾驶拖拉机、摩托车的）
25,10082,500,0,把机动车交给机动车驾驶证被吊销的人驾驶的(驾驶低速载货汽车、三轮汽车的)
26,10083,1000,0,把机动车交给机动车驾驶证被吊销的人驾驶的 (驾驶其他机动车的)
27,10091,200,0,把机动车交给机动车驾驶证被暂扣的人驾驶的（驾驶拖拉机、摩托车的）
28,10092,500,0,把机动车交给机动车驾驶证被暂扣的人驾驶的（驾驶低速载货汽车、三轮汽车的）
29,10093,1000,0,把机动车交给机动车驾驶证被暂扣的人驾驶的 （驾驶其他机动车的）
30,10100,200,0,驾驶人在驾驶证超过有效期仍驾驶机动车的
31,10110,1000,0,非法安装警报器的
32,10120,1000,0,非法安装标志灯具的
33,10130,100,0,驾驶证丢失期间仍驾驶机动车的
34,10140,100,0,驾驶证损毁期间仍驾驶机动车的
35,10150,50,0,驾驶证被依法扣留期间仍驾驶机动车的
36,10161,50,0,违法记分达到12分仍驾驶机动车的 （驾驶拖拉机、摩托车的）
37,10162,100,0,违法记分达到12分仍驾驶机动车的 （驾驶低速载货汽车、三轮汽车的）
38,10163,200,0,违法记分达到12分仍驾驶机动车的 （驾驶其他机动车的）
39,10170,最低保额两倍,0,不按规定投保机动车第三者责任强制保险的
40,10180,50,0,机动车不在机动车道内行驶的
41,10190,50,0,机动车违反规定使用专用车道的
42,10200,100,0,机动车驾驶人不服从交警指挥的
43,10230,100,0,遇前方机动车停车排队等候或者缓慢行驶时，未依次交替驶入车道减少后的路口、路段的
44,10240,100,0,在没有交通信号灯、交通标志、交通标线或者交警指挥的交叉路口遇到停车排队等候或者缓慢行驶时，机动车未依次交替通行的
45,10250,100,0,遇前方机动车停车排队等候或者缓慢行驶时，在人行横道、网状线区域内停车等候的
46,10260,100,0,行经铁路道口，不按规定通行的
47,10310,200,0,运载危险物品未经批准的
48,10360,100,0,货运机动车违反规定载人的
49,10370,100,0,未将故障车辆移到不妨碍交通的地方停放的
50,10380,100,0,不避让正在作业的道路养护车、工程作业车的
51,10393,150,0,机动车违反规定停放、临时停车且驾驶人不在现场，妨碍其它车辆、行人通行的
52,10394,150,0,机动车违反规定停放、临时停车，驾驶人拒绝立即驶离，妨碍其它车辆、行人通行的
53,10400,50,0,机动车喷涂、粘贴标识或者车身广告影响安全驾驶的
54,10410,200,0,道路养护施工作业车辆、机械作业时未开启示警灯和危险报警闪光灯的
55,10430,100,0,变更车道时影响正常行驶的机动车的
56,10440,200,0,在禁止掉头或者禁止左转弯标志、标线的地点掉头的
57,10450,200,0,在容易发生危险的路段掉头的
58,10460,200,0,掉头时妨碍正常行驶的车辆和行人通行的
59,10470,50,0,机动车未按规定鸣喇叭示意的
60,10480,50,0,在禁止鸣喇叭的区域或者路段鸣喇叭的
61,10490,50,0,在机动车驾驶室的前后窗范围内悬挂、放置妨碍驾驶人视线的物品的
62,10500,100,0,机动车行经漫水路或漫水桥时未低速通过的
63,10510,100,0,机动车载运超限物品行经铁路道口时不按指定的道口通过的
64,10520,100,0,机动车载运超限物品行经铁路道口时不按指定的时间通过的
65,10530,100,0,机动车行经渡口，不服从渡口管理人员指挥，不依次待渡的
66,10540,100,0,上下渡船时，不低速慢行的
67,10550,100,0,特种车辆违反规定使用警报器的
68,10560,100,0,特种车辆违反规定使用标志灯具的
69,10570,100,0,机动车在单位院内居民居住区内不低速行驶的
70,10580,100,0,机动车在单位院内居民居住区内不避让行人的
71,10590,100,0,驾驶摩托车手离车把的
72,10600,100,0,驾驶摩托车在车把上悬挂物品的
73,10610,50,0,拖拉机驶入大中城市中心城区内道路的
74,10620,20,0,拖拉机驶入其它禁止通行道路的
75,10630,100,0,拖拉机载人的
76,10640,100,0,拖拉机牵引多辆挂车的
77,10650,100,0,学习驾驶人不按指定路线上道路学习驾驶的
78,10660,100,0,学习驾驶人不按指定时间上道路学习驾驶的
79,10670,100,0,学习驾驶人使用非教练车上道路驾驶的
80,10680,100,0,学习驾驶人在教练不随车指导下上道路驾驶车辆的
81,10690,100,0,使用教练车时有与教学无关的人员乘坐的
82,10700,100,0,实习期内未粘贴或悬挂实习标志的
83,10720,50,0,驾驶安全设施不全的机动车的
84,10730,100,0,驾驶机件不符合技术标准的机动车的
85,10740,100,0,不按规定倒车的
86,10750,50,0,在车门、车厢没有关好时行车的
87,10760,100,0,机动车在没有划分机动车道、非机动车道和人行道的道路上，不在道路中间通行的
88,10770,100,0,驾驶机动车下陡坡时熄火、空档滑行的
89,10780,1000,0,机动车违反交通管制规定强行通行，不听劝阻的
90,10820,100,0,使用他人机动车驾驶证驾驶机动车的
91,10831,200,0,载货汽车、挂车未按照规定安装侧面及后下部防护装置的
92,10832,200,0,载货汽车、挂车未按照规定粘贴车身反光标识的
93,10841,200,0,改变车身颜色未按规定时限办理变更登记的
94,10842,200,0,更换发动机未按规定时限办理变更登记的
95,10843,200,0,更换车身未按规定时限办理变更登记的
96,10844,200,0,更换车架未按规定时限办理变更登记的
97,10850,200,0,机动车所有权转移后，现机动车所有人未按规定时限办理转移登记的
98,10861,200,0,机动车所有人办理变更登记，机动车档案转出登记地车辆管理所后，未按照规定时限到住所地车辆管理所申请机动车转入的
99,10862,200,0,机动车所有人办理转移登记，机动车档案转出登记地车辆管理所后，未按照规定时限到住所地车辆管理所申请机动车转入的
100,10870,500,0,擅自改变机动车外形和已登记的有关技术数据的
101,10881,200,0,以欺骗、贿赂等不正当手段办理补、换领机动车登记证书的
102,10882,200,0,以欺骗、贿赂等不正当手段办理补、换领号牌的
103,10883,200,0,以欺骗、贿赂等不正当手段办理补、换领行驶证的
104,10884,200,0,以欺骗、贿赂等不正当手段办理补、换领检验合格标志等业务的
105,10890,500,0,公路客运车辆违反规定载货的
106,10900,50,0,机动车违反警告标志指示的
107,10910,50,0,机动车违反警告标线指示的
108,10920,50,0,公路客运车辆以外的载客汽车违反规定载货的
109,10930,50,0,驾驶时观看电视的
110,10940,50,0,在同车道行驶中，不按规定与前车保持必要的安全距离的
111,10950,100,0,实习期内驾驶公共汽车的
112,10960,100,0,实习期内驾驶营运客车的
113,10970,100,0,实习期内驾驶执行任务的特种车辆的
114,10980,100,0,实习期内驾驶载有危险物品的机动车的
115,10990,100,0,实习期内驾驶的机动车牵引挂车的
116,11020,50,1,不按规定使用灯光的
117,11030,100,1,不按规定会车的
118,11080,20,1,上道路行驶的机动车未放置保险标志的
119,11090,20,1,未随车携带行驶证的
120,11100,20,1,未随车携带驾驶证的
121,11110,100,1,机动车载货长度、宽度、高度超过规定的
122,11151,20,1,上道路行驶的机动车未放置检验合格标志的 （已取得检验合格标志）
123,11152,200,1,上道路行驶的机动车未放置检验合格标志的 （未取得检验合格标志的）
124,12070,20,2,驾驶摩托车时驾驶人未按规定戴安全头盔的
125,12080,100,2,机动车通过有灯控路口时，不按所需行进方向驶入导向车道的
126,12090,100,2,左转弯时，未靠路口中心点左侧转弯的
127,12100,100,2,通过路口遇放行信号不依次通过的
128,12110,50,2,通过路口遇停止信号时，停在停止线以内或路口内的
129,12120,100,2,通过路口向右转弯遇同车道内有车等候放行信号时，不依次停车等候的
130,12230,50,2,驾驶时拨打接听手持电话的
131,12250,50,2,驾车时有其他妨碍安全行车的的
132,12280,100,2,路口遇有交通阻塞时未依次等候的
133,12431,100,2,遇前方机动车停车排队或者缓慢行驶时，借道超车的
134,12432,100,2,遇前方机动车停车排队或者缓慢行驶时，占用对面车道的
135,12433,100,2,遇前方机动车停车排队或者缓慢行驶时，穿插等候车辆的
136,12440,100,2,在城市快速路上行驶时，驾驶人未按规定使用安全带的
137,,,,
138,13010,200,3,机动车逆向行驶的
139,13040,150,3,从前车右侧超车的
140,13050,150,3,前车左转弯时超车的
141,13060,150,3,前车掉头时超车的
142,13070,150,3,前车超车时超车的
143,13080,150,3,与对面来车有会车可能时超车的
144,13090,200,3,超越执行紧急任务的警车、消防车、救护车、工程救险车的
145,13100,150,3,在铁路道口、路口、窄桥、弯道、陡坡、隧道、人行横道、交通流量大的路段等地点超车的
146,13110,100,3,车辆在道路上发生故障或事故后，妨碍交通又难以移动的，不按规定设置警告标志或未按规定使用警示灯光的
147,13120,100,3,准备进入环形路口不让已在路口内的机动车先行的
148,13130,100,3,转弯的机动车未让直行的车辆、行人先行的
149,13140,100,3,相对方向行驶的右转弯机动车不让左转弯车辆先行的
150,13150,100,3,机动车通过无灯控或交警指挥的路口，不按交通标志、标线指示让优先通行的一方先行的
151,13160,100,3,机动车通过无灯控、交警指挥、交通标志标线控制的路口，不让右方道路的来车先行的
152,13170,100,3,载货汽车牵引多辆挂车的
153,13180,100,3,半挂牵引车牵引多辆挂车的
154,13200,100,3,小型载客汽车牵引旅居挂车以外的且总质量700千克以上挂车的
155,13220,100,3,载货汽车牵引挂车的载质量超过汽车本身的载质量的
156,13230,100,3,大型载客汽车牵引挂车的
157,13240,100,3,中型载客汽车牵引挂车的
158,13250,100,3,低速载货汽车牵引挂车的
159,13260,100,3,三轮机动车汽车牵引挂车的
160,13270,100,3,机动车在发生故障或事故后，不按规定使用灯光的
161,13330,200,3,不避让执行任务的特种车辆的
162,13340,100,3,机动车不避让盲人的
163,13400,200,3,机动车未按照规定期限进行安全技术检验的
164,13440,50,3,机动车违反禁令标志指示的
165,13450,50,3,机动车违反禁止标线指示的
166,13481,50,3,驾驶营运客车（不包括公共汽车）、校车以外的载客汽车载人超过核定人数未达20%的
167,13490,50,3,驾驶中型以上载客汽车在高速公路、城市快速路以外的道路上行驶超过规定时速未达20%的
168,13500,50,3,驾驶中型以上载货汽车在高速公路、城市快速路以外的道路上行驶超过规定时速未达20%的
169,13510,50,3,驾驶危险物品运输车辆在高速公路、城市快速路以外的道路上行驶超过规定时速未达20%的
170,13520,50,3,驾驶中型以上载客载货汽车、危险物品运输车辆以外的其他机动车行驶超过规定时速未达20%的
171,13521,100,3,驾驶中型以上载客载货汽车、危险物品运输车辆以外的其他机动车在高速公路上行驶超过规定时速未达20%的
172,13530,200,3,机动车载物超过核定载质量未达30%的
173,13540,200,3,驾驶危险物品运输车辆载物超过核定载质量未达30%的
174,13550,50,3,驾驶机动车在城市快速路上不按规定车道行驶的
175,13560,100,3,行经人行横道，未减速行驶的
176,13570,100,3,遇行人正在通过人行横道时未停车让行的
177,13580,100,3,行经没有交通信号的道路时，遇行人横过道路未避让的
178,16101,200,6,在驾驶证暂扣期间仍驾驶机动车的(驾驶摩托车、拖拉机的)
179,16102,250,6,在驾驶证暂扣期间仍驾驶机动车的(驾驶低速载货汽车、三轮汽车的)
180,16103,300,6,在驾驶证暂扣期间仍驾驶机动车的(驾驶其他机动车的)
181,16170,100,6,运载危险物品时不按规定的时间、路线、速度行驶的
182,16180,100,6,运载危险物品时未悬挂警示标志的
183,16190,100,6,运载危险物品时未采取必要的安全措施的
184,16211,500,6,公路客运车辆载客超过核定载客人数未达20%的
185,16220,200,6,机动车在城市快速路上遇交通拥堵，占用应急车道行驶的
186,16251,150,6,机动车不按交通信号灯规定通行的
187,16260,50,6,驾驶公路客运车辆、公共汽车以外的其他营运客车载人超过核定人数未达20％的
188,16271,50,6,驾驶营运客车（不包括公共汽车）以外的其他载客汽车载人超过核定人数20％以上的（超1人）
189,16272,100,6,驾驶营运客车（不包括公共汽车）以外的其他载客汽车载人超过核定人数20％以上的（超2人）
190,16273,150,6,驾驶营运客车（不包括公共汽车）以外的其他载客汽车载人超过核定人数20％以上的（超3人）
191,16274,200,6,驾驶营运客车（不包括公共汽车）以外的其他载客汽车载人超过核定人数20％以上的（超4人以上）
192,16280,50,6,驾驶中型以上载客汽车在城市快速路上行驶超过规定时速未达20％的
193,16290,50,6,驾驶中型以上载货汽车在城市快速路上行驶超过规定时速未达20％的
194,16300,50,6,驾驶校车在城市快速路上行驶超过规定时速未达20％的
195,16310,50,6,驾驶危险物品运输车辆在城市快速路上行驶超过规定时速未达20％的
196,16320,50,6,驾驶中型以上载客汽车在高速公路、城市快速路以外的道路上行驶超过规定时速20%以上未达到50%的
197,16330,50,6,驾驶中型以上载货汽车在高速公路、城市快速路以外的道路上行驶超过规定时速20%以上未达到50%的
198,16340,50,6,驾驶校车在高速公路、城市快速路以外的道路上行驶超过规定时速20%以上未达到50%的
199,16350,50,6,驾驶危险物品运输车辆在高速公路、城市快速路以外的道路上行驶超过规定时速20%以上未达到50%的
200,16360,50,6,驾驶中型以上载客载货汽车、校车、危险物品运输车辆以外的其他机动车行驶超过规定时速20%以上未达到50%的
201,16361,100,6,驾驶中型以上载客载货汽车、校车、危险物品运输车辆以外的其他机动车在高速公路上行驶超过规定时速20%以上未达到50%的
202,16370,500,6,机动车载物超过核定载质量30%的
203,16380,500,6,货运机动车违反规定载客的
204,16390,500,6,运输剧毒化学品机动车超过核定载质量30％的
205,16400,100,6,驾驶机动车运载超限的不可解体的物品，未按指定的时间、路线、速度行驶的
206,16410,100,6,驾驶机动车运载超限的不可解体的物品，未悬挂明显标志的
207,16421,50,6,连续驾驶中型以上载客汽车、危险物品运输车辆以外的机动车超过4小时停车休息时间少于20分钟的
208,16422,100,6,连续驾驶中型以上载客汽车、危险物品运输车辆以外的机动车超过4小时未停车休息
209,17050,1000,12,造成交通事故后逃逸，尚不构成犯罪的
210,17091,200,12,驾驶与驾驶证载明的准驾车型不相符合的车辆的（驾驶摩托车、拖拉机的）
211,17092,250,12,驾驶与驾驶证载明的准驾车型不相符合的车辆的（驾驶其他机动车的）
212,17093,1000,12,驾驶与驾驶证载明的准驾车型不相符合的车辆的（驾驶营运客车的）
213,1710A,2000,12,公路客运车辆载客超过额定乘员20%的
214,17121,1000,12,饮酒后驾驶机动车的
215,17160,200,12,驾驶公路客运车辆、公共汽车以外的其他营运客车载人超过核定人数20％以上的
216,17170,100,12,上道路行驶的机动车未悬挂机动车号牌的
217,17180,100,12,故意遮挡机动车号牌的
218,17190,100,12,故意污损机动车号牌的
219,17200,100,12,不按规定安装机动车号牌的
220,17210,500,12,驾驶中型以上载客载货汽车、校车、危险物品运输车辆以外的机动车行驶超过规定时速50%以上的
221,17220,50,12,驾驶中型以上载客汽车在城市快速路上行驶超过规定时速20％以上未达50%的
222,17230,50,12,驾驶中型以上载货汽车在城市快速路上行驶超过规定时速20％以上未达50%的
223,17240,50,12,驾驶校车在城市快速路上行驶超过规定时速20％以上未达50%的
224,17250,50,12,驾驶危险物品运输车辆在城市快速路上行驶超过规定时速20％以上未达50%的
225,17260,500,12,驾驶中型以上载客汽车在高速公路以外的道路上行驶超过规定时速50%的
226,17270,500,12,驾驶中型以上载货汽车在高速公路以外的道路上行驶超过规定时速50%的
227,17280,500,12,驾驶校车在高速公路以外的道路上行驶超过规定时速50%的
228,17290,500,12,驾驶危险物品运输车辆在高速公路以外的道路上行驶超过规定时速50%的
229,17301,50,12,连续驾驶中型以上载客汽车超过4小时停车休息时间少于20分钟的
230,17302,100,12,连续驾驶中型以上载客汽车超过4小时未停车休息
231,17311,50,12,连续驾驶危险物品运输车辆超过4小时停车休息时间少于20分钟的
232,17312,100,12,连续驾驶危险物品运输车辆超过4小时未停车休息
233,,,,
234,20020,200,0,非机动车违反交通管制的规定强行通行，不听劝阻的
235,20030,50,0,非机动车未依法登记，上道路行驶的
236,20040,50,0,非机动车逆向行驶的
237,20050,10,0,没有非机动车道的道路上，非机动车不靠车行道右侧行驶的
238,20060,10,0,非机动车违反规定使用其他车辆专用车道的
239,20070,20,0,非机动车不按照交通信号规定通行的
240,20080,50,0,非机动车驾驶人不服从交警指挥的
241,20090,10,0,非机动车未在非机动车道内行驶的
242,20100,50,0,醉酒驾驶、驾驭非机动车、畜力车的
243,20110,10,0,驾驶残疾人机动轮椅车超速行驶的
244,20120,10,0,驾驶电动自行车超速行驶的
245,20130,10,0,非机动车不按规定载物的
246,20140,10,0,非机动车不在规定地点停放的
247,20150,10,0,非机动车停放时妨碍其他车辆和行人通行的
248,20160,10,0,非机动车通过路口，转弯的非机动车不让直行的车辆、行人优先通行的
249,20170,10,0,非机动车通过路口，遇有前方路口交通阻塞时，强行进入的
250,20180,10,0,非机动车通过路口，向左转弯时，不靠路口中心点右侧转弯的
251,20190,10,0,非机动车遇停止信号时，停在停止线以内或路口内的
252,20200,10,0,非机动车向右转弯遇同车道内有车等候放行信号不能转弯时，不依次等候的
253,20210,20,0,行经无灯控或交警指挥的路口，不让标志、标线指示优先通行的一方先行的
254,20220,20,0,行经无灯控、交警指挥或标志、标线控制的路口，无交通标志标线，不让右方道路的来车先行的
255,20230,20,0,行经无灯控或交警指挥的路口，右转弯的非机动车不让左转弯的车辆先行的
256,20240,20,0,驾驶自行车、电动自行车、三轮车在路段上横过机动车道时不下车推行的
257,20250,20,0,有人行横道时，非机动车不从人行横道横过机动车道的
258,20260,20,0,有行人过街设施时，非机动车不从行人过街设施横过机动车道的
259,20270,20,0,非机动车借道行驶后不迅速驶回非机动车道的
260,20280,20,0,非机动车转弯时未减速慢行，伸手示意，突然猛拐的
261,20290,20,0,非机动车超车时妨碍被超越的车辆行驶的
262,20300,20,0,驾驶非机动车牵引车辆的
263,20310,20,0,驾驶非机动车攀扶车辆的
264,20320,20,0,非机动车被其他车辆牵引的
265,20330,20,0,驾驶非机动车时双手离把的
266,20340,20,0,驾驶非机动车时手中持物的
267,20350,20,0,驾驶非机动车时扶身并行的
268,20360,20,0,驾驶非机动车时互相追逐的
269,20370,20,0,驾驶非机动车时曲折竟驶的
270,20380,20,0,在道路上骑独轮自行车的
271,20390,20,0,在道路上骑2人以上骑行的自行车的
272,20400,20,0,非下肢残疾的人驾驶残疾人机动轮椅车的
273,20410,20,0,自行车加装动力装置的
274,20420,20,0,三轮车加装动力装置的
275,20430,20,0,在道路上学习驾驶非机动车的
276,20440,50,0,非机动车不避让盲人的
277,20450,10,0,驾驭畜力车横过道路时，驾驭人未下车牵引牲畜的
278,20460,10,0,畜力车并行的
279,20470,10,0,驾驶畜力车时驾驭人离开车辆的
280,20480,10,0,驾驶畜力车时在容易发生危险的路段超车的
281,20490,10,0,驾驶两轮畜力车不下车牵引牲畜的
282,20500,10,0,使用未经驯服的牲畜驾车的
283,20510,10,0,随车幼畜未栓系的
284,20520,10,0,停放畜力车时未拉紧车闸的
285,20530,10,0,停放畜力车时未栓系牲畜的
286,20540,50,0,未满12周岁驾驶自行车、三轮车的
287,20550,50,0,未满16周岁驾驶、驾驭电动自行车、残疾人机动轮椅、畜力车的
288,30010,5,0,行人违反交通信号通行的
289,30020,10,0,行人不服从交警指挥的
290,30030,5,0,行人不在人行道内行走的
291,30040,5,0,行人在没有划分机动车道、非机动车道和人行道的道路上，不靠路边行走的
292,30050,5,0,行人横过道路未走人行横道或过街设施的
293,30060,10,0,行人跨越道路隔离设施的
294,30070,10,0,行人倚坐道路隔离设施的
295,30080,50,0,行人扒车的
296,30090,50,0,行人强行拦车的
297,30100,50,0,行人实施其他妨碍交通安全的行为的
298,30110,50,0,学龄前儿童以及不能辨认或不能控制自己行为的精神疾病患者、智力障碍者在道路上通行时，没有其监护人或对其负有管理职责的人带领的
299,30120,50,0,盲人在道路上通行，未使用导盲手段的
300,30130,5,0,行人不按规定通过铁路道口的
301,30140,10,0,在道路上使用滑行工具的
302,30150,10,0,行人在车行道内坐卧、停留、嬉闹的
303,30160,50,0,行人有追车、抛物击车等妨碍道路交通安全的行为的
304,30170,5,0,行人不按规定横过机动车道的
305,30180,5,0,行人列队在道路上通行时每横列超过2人的
306,30191,10,0,机动车行驶时，乘坐人员未按规定使用安全带的（在普通公路、城市道路上行驶的）
307,30192,20,0,机动车行驶时，乘坐人员未按规定使用安全带的（在高速公路上行驶的）
308,30200,20,0,乘坐摩托车不戴安全头盔的
309,30210,50,0,乘车人携带易燃、易爆等危险物品的
310,30220,10,0,乘车人向车外抛洒物品的
311,30230,10,0,乘车人有影响驾驶人安全驾驶的行为的
312,30240,10,0,在机动车道上拦乘机动车的
313,30250,10,0,在机动车道上从机动车左侧上下车的
314,30260,10,0,开关车门妨碍其他车辆和行人通行的
315,30270,10,0,机动车行驶中乘坐人员干扰驾驶的
316,30280,10,0,机动车行驶中乘坐人员将身体任何部分伸出车外的
317,30290,50,0,乘车人在机动车行驶中跳车的
318,30300,20,0,乘坐两轮摩托车未正向骑坐的
319,40010,10,0,行人进入高速公路的
320,40020,200,0,拖拉机驶入高速公路的
321,40030,50,0,非机动车进入高速公路的
322,40040,50,0,在高速公路上车辆发生故障或事故后，车上人员未迅速转移到右侧路肩上或者应急车道内的
323,40050,100,0,机动车从匝道进入或驶离高速公路时不按规定使用灯光的
324,40060,100,0,机动车从匝道进入高速公路时妨碍已在高速公路内的机动车正常行驶的
325,40070,100,0,在高速公路的路肩上行驶的
326,40080,100,0,非紧急情况下在高速公路应急车道上行驶的
327,40090,100,0,机动车在高速公路上通过施工作业路段，不减速行驶的
328,40100,100,0,在高速公路上骑、轧车行道分界线的
329,40110,200,0,在高速公路上试车或学习驾驶机动车的
330,40120,100,0,在高速公路上违反规定拖曳故障车、肇事车的
331,40140,100,0,在高速公路上行驶的载货汽车车厢载人的
332,40150,100,0,在高速公路上行驶的两轮摩托车载人的
333,42040,200,2,在高速公路上行驶时，驾驶人未按规定使用安全带的
334,43010,100,3,驾驶设计最高时速低于70公里的机动车进入高速公路的
335,43020,100,3,机动车在高速公路上发生故障或交通事故后，驾驶人不按规定使用危险报警闪光灯的
336,43030,100,3,高速公路上车辆发生故障或交通事故后，不按规定设置警告标志的
337,43050,100,3,在高速公路上超速不足50%的
338,43060,100,3,在高速公路上正常情况下以低于规定最低时速行驶的
339,43111,150,3,在高速公路匝道上超车的
340,43112,150,3,在高速公路加速车道上超车的
341,43113,150,3,在高速公路减速车道上超车的
342,43120,50,3,驾驶机动车在高速公路上不按规定车道行驶的
343,46080,200,6,机动车在高速公路遇交通拥堵，占用应急车道行驶的
344,46090,100,6,驾驶中型以上载客汽车在高速公路上行驶超过规定时速未达20％的
345,46100,100,6,驾驶中型以上载货汽车在高速公路上行驶超过规定时速未达20％的
346,46110,100,6,驾驶校车在高速公路上行驶超过规定时速未达20％的
347,46120,100,6,驾驶危险物品运输车辆在高速公路上行驶超过规定时速未达20％的
348,46130,100,6,驾驶营运客车以外的机动车在高速公路行车道上停车的
349,46140,100,6,驾驶营运客车以外的机动车非紧急情况下在高速公路应急车道上停车的
350,46150,100,6,低能见度气象条件下，驾驶机动车在高速公路上不按规定行驶的
351,47010,200,12,在高速公路上倒车的
352,47020,200,12,在高速公路上逆行的
353,47030,200,12,在高速公路上穿越中央分隔带掉头的
354,47040,100,12,驾驶营运客车在高速公路行车道上停车的
355,47050,100,12,驾驶营运客车非紧急情况下在高速公路应急车道上停车的
356,47060,100,12,驾驶中型以上载客汽车在高速公路上行驶超过规定时速20％以上未达50%的
357,47070,100,12,驾驶中型以上载货汽车在高速公路上行驶超过规定时速20％以上未达50%的
358,47080,100,12,驾驶校车在高速公路上行驶超过规定时速20％以上未达50%的
359,47090,100,12,驾驶危险物品运输车辆在高速公路上行驶超过规定时速20％以上未达50%的
360,47100,500,12,驾驶中型以上载客汽车在高速公路上行驶超过规定时速50％的
361,47110,500,12,驾驶中型以上载货汽车在高速公路上行驶超过规定时速50％的
362,47120,500,12,驾驶校车在高速公路上行驶超过规定时速50％的
363,47130,500,12,驾驶危险物品运输车辆在高速公路上行驶超过规定时速50％的
364,,,,
365,50021,3000,0,伪造、变造机动车号牌的
366,50031,3000,0,伪造、变造机动车行驶证的
367,50041,2000,0,伪造、变造机动车检验合格标志的
368,50051,2000,0,伪造、变造机动车保险标志的
369,50061,3000,0,伪造、变造机动车驾驶证的
370,50075,2000,0,使用伪造、变造的机动车登记证书的（驾驶摩托车、拖拉机的）
371,50076,2500,0,使用伪造、变造的机动车登记证书的（驾驶非营运载客汽车的）
372,50077,3000,0,使用伪造、变造的机动车登记证书的（驾驶货运机动车的）
373,50078,3500,0,使用伪造、变造的机动车登记证书的（驾驶其他类型机动车的）
374,50079,4000,0,使用伪造、变造的机动车登记证书的（驾驶营运载客汽车的）
375,50105,1000,0,使用伪造、变造的机动车检验合格标志的（驾驶摩托车、拖拉机的）
376,50106,2000,0,使用伪造、变造的机动车检验合格标志的（驾驶非营运载客汽车的）
377,50107,2000,0,使用伪造、变造的机动车检验合格标志的（驾驶货运机动车的）
378,50108,2000,0,使用伪造、变造的机动车检验合格标志的（驾驶其他类型机动车的）
379,50109,2500,0,使用伪造、变造的机动车检验合格标志的（驾驶营运载客汽车的）
380,50115,1000,0,使用伪造、变造的机动车保险标志的（驾驶摩托车、拖拉机的）
381,50116,2000,0,使用伪造、变造的机动车保险标志的（驾驶非营运载客汽车的）
382,50117,2000,0,使用伪造、变造的机动车保险标志的（驾驶货运机动车的）
383,50118,2000,0,使用伪造、变造的机动车保险标志的（驾驶其他类型机动车的）
384,50119,2500,0,使用伪造、变造的机动车保险标志的（驾驶营运载客汽车的）
385,50134,2000,0,使用其他车辆的机动车登记证书的（驾驶摩托车、拖拉机的）
386,50135,2500,0,使用其他车辆的机动车登记证书的（驾驶非营运载客汽车的）
387,50136,3000,0,使用其他车辆的机动车登记证书的（驾驶货运机动车的）
388,50137,3500,0,使用其他车辆的机动车登记证书的（驾驶其他类型机动车的）
389,50138,4000,0,使用其他车辆的机动车登记证书的（驾驶营运载客汽车的）
390,50164,2000,0,使用其他车辆的机动车检验合格标志的（驾驶摩托车、拖拉机的）
391,50165,2500,0,使用其他车辆的机动车检验合格标志的（驾驶非营运载客汽车的）
392,50166,3000,0,使用其他车辆的机动车检验合格标志的（驾驶货运机动车的）
393,50167,3500,0,使用其他车辆的机动车检验合格标志的（驾驶其他类型机动车的）
394,50168,4000,0,使用其他车辆的机动车检验合格标志的（驾驶营运载客汽车的）
395,50174,2000,0,使用其他车辆的机动车保险标志的（驾驶摩托车、拖拉机的）
396,50175,2500,0,使用其他车辆的机动车保险标志的（驾驶非营运载客汽车的）
397,50176,3000,0,使用其他车辆的机动车保险标志的（驾驶货运机动车的）
398,50177,3500,0,使用其他车辆的机动车保险标志的（驾驶其他类型机动车的）
399,50178,4000,0,使用其他车辆的机动车保险标志的（驾驶营运载客汽车的）
400,50180,1000,0,强迫驾驶人违反交通安全法律、法规和安全驾驶要求驾驶机动车，造成交通事故但尚不构成犯罪的
401,50190,1000,0,故意损毁交通设施，造成危害后果，尚不构成犯罪的
402,50200,1000,0,故意移动交通设施，造成危害后果，尚不构成犯罪的
403,50210,1000,0,故意涂改交通设施，造成危害后果，尚不构成犯罪的
404,50220,1000,0,非法拦载机动车，不听劝阻，造成交通严重阻塞、较大财产损失的
405,50230,1000,0,非法扣留机动车辆，不听劝阻，造成交通严重阻塞、较大财产损失的
406,50240,1000,0,道路两侧及隔离带上种植物或设置广告牌、管线等，遮挡路灯、交通信号灯、交通标志，妨碍安全视距拒不排除障碍的
407,50250,1000,0,道路两侧及隔离带上种植物或设置广告牌、管线等，遮挡路灯、交通信号灯、交通标志，妨碍安全视距的
408,50260,10000,0,擅自挖掘道路影响交通安全的
409,50270,10000,0,擅自占用道路施工影响交通安全的
410,50280,10000,0,从事其他影响交通安全活动的
411,50290,10000,0,出售已达到报废标准的机动车的
412,50300,100,0,其他机动车喷涂特种车特定标志图案的
413,50310,10000,0,生产拼装机动车的
414,50320,10000,0,生产擅自改装的机动车的
415,50330,10000,0,销售拼装机动车的
416,50340,10000,0,销售擅自改装的机动车的
417,50350,200,0,服用国家管制的精神药品或麻醉药品仍继续驾驶的
418,50360,100,0,患有妨碍安全驾驶机动车的疾病仍继续驾驶的
419,50370,100,0,过度疲劳仍继续驾驶的
420,50381,200,0,重型、中型载货汽车及其挂车的车身或者车厢后部未按照规定喷涂放大的牌号的
421,50382,200,0,重型、中型载货汽车及其挂车的车身或者车厢后部放大的牌号不清晰的
422,50390,0,0,对符合暂扣和吊销机动车驾驶证情形，机动车驾驶证被扣留后驾驶人无正当理由逾期未接受处理的
423,50400,0,0,以欺骗、贿赂手段取得机动车牌证的
424,50410,0,0,以欺骗、贿赂手段取得驾驶证的
425,50420,0,0,12个月内累积记分达到12分拒不参加学习也不接受考试的
426,50430,0,0,车辆被扣留后，经公告三个月后仍不来接受处理的
427,50440,10000,0,机动车安全技术检验机构出具虚假检验结果的
428,50450,0,0,擅自停止使用停车场或改作他用的
429,50462,5000,0,运输单位的客运车辆载客超员，经处罚不改的
430,50463,2000,0,运输单位的货运车辆超载，经处罚不改的
431,50464,2000,0,运输单位的客运车辆违反规定载货，经处罚不改的
432,50465,2000,0,运输单位的货运车辆违反规定载客，经处罚不改的
433,50480,20,0,未经许可，占用道路从事非交通活动的
434,50560,0,0,在一个记分周期内累积记分达到十二分的
435,56030,500,6,以隐瞒、欺骗手段补领机动车驾驶证的
436,57015,2000,12,使用伪造、变造的机动车号牌的(驾驶摩托车、拖拉机的)
437,57016,2500,12,使用伪造、变造的机动车号牌的(驾驶非营运载客汽车的)
438,57017,3000,12,使用伪造、变造的机动车号牌的(驾驶货运机动车的)
439,57018,3500,12,使用伪造、变造的机动车号牌的(驾驶其他类型机动车的)
440,57019,4000,12,使用伪造、变造的机动车号牌的(驾驶营运载客汽车的)
441,57025,2000,12,使用伪造、变造的机动车行驶证的(驾驶摩托车、拖拉机的)
442,57026,2500,12,使用伪造、变造的机动车行驶证的(驾驶非营运载客汽车的)
443,57027,3000,12,使用伪造、变造的机动车行驶证的(驾驶货运机动车的)
444,57028,3500,12,使用伪造、变造的机动车行驶证的(驾驶其他类型机动车的)
445,57029,4000,12,使用伪造、变造的机动车行驶证的(驾驶营运载客汽车的)
446,57035,2000,12,使用伪造、变造的机动车驾驶证的(驾驶摩托车、拖拉机的)
447,57036,2500,12,使用伪造、变造的机动车驾驶证的(驾驶非营运载客汽车的)
448,57037,3000,12,使用伪造、变造的机动车驾驶证的(驾驶货运机动车的)
449,57038,3500,12,使用伪造、变造的机动车驾驶证的(驾驶其他类型机动车的)
450,57039,4000,12,使用伪造、变造的机动车驾驶证的(驾驶营运载客汽车的)
451,57045,2000,12,使用其他车辆的机动车号牌的(驾驶摩托车、拖拉机的)
452,57046,2500,12,使用其他车辆的机动车号牌的(驾驶非营运载客汽车的)
453,57047,3000,12,使用其他车辆的机动车号牌的(驾驶货运机动车的)
454,57048,3500,12,使用其他车辆的机动车号牌的（驾驶其他类型机动车的）
455,57049,4000,12,使用其他车辆的机动车号牌的(驾驶营运载客汽车的)
456,57055,2000,12,使用其他车辆的机动车行驶证的(驾驶摩托车、拖拉机的)
457,57056,2500,12,使用其他车辆的机动车行驶证的(驾驶非营运载客汽车的)
458,57057,3000,12,使用其他车辆的机动车行驶证的(驾驶货运机动车的)
459,57058,3500,12,使用其他车辆的机动车行驶证的（驾驶其他类型机动车的）
460,57059,4000,12,使用其他车辆的机动车行驶证的(驾驶营运载客汽车的)
461,60010,100,0,牵引故障机动车时，被牵引的机动车除驾驶人外载人的
462,60020,100,0,牵引故障机动车时，被牵引的机动车拖带挂车的
463,60030,100,0,牵引故障机动车时，被牵引的机动车宽度大于牵引的机动车的
464,60040,100,0,使用软连接装置牵引故障机动车时，牵引车与被牵引车之间未保持安全距离的
465,60050,100,0,牵引制动失效的被牵引车，未使用硬连接牵引装置的
466,60060,100,0,使用汽车吊车牵引车辆的
467,60070,100,0,使用轮式专用机械牵引车辆的
468,60080,100,0,使用摩托车牵引车辆的
469,60090,100,0,牵引摩托车的
470,60100,100,0,未使用专用清障车拖曳转向或照明、信号装置失效的机动车的
471,60110,50,0,在高速公路或城市快速路以外的道路上行驶时，驾驶人未按规定使用安全带的
472,60120,50,0,摩托车后座乘坐不满十二周岁未成年人的
473,60130,50,0,驾驶轻便摩托车载人的
474,60140,100,0,机动车载物行驶时遗洒、飘散载运物的
475,60171,50,0,驾驶载客汽车以外的其他机动车载人超过核定人数的（超1人）
476,60172,100,0,驾驶载客汽车以外的其他机动车载人超过核定人数的（超2人）
477,60173,150,0,驾驶载客汽车以外的其他机动车载人超过核定人数的（超3人）
478,60174,200,0,驾驶载客汽车以外的其他机动车载人超过核定人数的（超4人以上）
479,60180,200,0,补领机动车驾驶证后，继续使用原机动车驾驶证的
480,60190,200,0,发生交通事故后，应当自行撤离现场而未撤离，造成交通堵塞的
481,60220,,,饮酒或醉酒后驾驶机动车发生重大交通事故，构成犯罪的
482,60230,50,0,驾驶机动车在高速公路、城市快速路以外的道路上不按规定车道行驶的
483,60240,200,0,机动车驾驶人在实习期内驾驶公共汽车、营运客车或者执行任务的警车、消防车、救护车、工程救险车以及载有爆炸物品、易燃易爆化学物品、剧毒或者放射性等危险物品的机动车的
484,60250,200,0,机动车驾驶人在实习期内驾驶牵引挂车的
485,60260,200,0,机动车驾驶人在实习期内驾驶机动车上高速公路行驶，无相应或者更高准驾车型驾驶证三年以上的驾驶人陪同的
486,60270,200,0,驾驶机动车未按规定粘贴、悬挂实习标志的
487,60280,200,0,驾驶机动车未按规定粘贴、悬挂残疾人机动车专用标志的
488,60290,200,0,持有大型客车、牵引车、城市公交车、中型客车、大型货车驾驶证的驾驶人，未按照规定申报变更信息的
489,60300,500,0,机动车驾驶人身体条件发生变化不适合驾驶机动车，仍驾驶机动车的
490,60310,500,0,逾期不参加审验的
491,60320,,0,醉酒后驾驶机动车的
492,60330,,0,醉酒后驾驶营运机动车的
493,60340,5000,0,饮酒后驾驶营运机动车的
494,60350,1500,0,因饮酒后驾驶机动车被处罚，再次饮酒后驾驶机动车的
495,60360,100,0,挂车的灯光信号、制动、连接、安全防护等装置不符合国家标准的
496,60370,100,3,挂车载人的
497,60381,50,0,货运机动车驾驶室载人超过核定人数的（超1人）
498,60382,100,0,货运机动车驾驶室载人超过核定人数的（超2人）
499,60383,150,0,货运机动车驾驶室载人超过核定人数的（超3人）
500,60384,200,0,货运机动车驾驶室载人超过核定人数的（超4人以上）
501,,,,
502,70010,500,0,购买汽车未在购买后30日内申请注册登记的
503,70020,100,0,购买其他机动车未在购买后30日内申请注册登记的
504,70030,100,0,擅自增加搭乘人员座位的
505,70040,100,0,使用镜面反光遮阳膜的
506,70050,1000,0,载运爆炸物品、易燃易爆化学物品以及剧毒、放射性危险物品的车辆，未按照规定安装、使用符合国家标准的行驶记录仪的
507,70060,500,0,应安装行驶记录仪的车辆，安装的汽车行驶记录仪不能正常使用的
508,70070,1000,0,擅自改变机动车已登记结构的
509,70080,1000,0,擅自改变机动车已登记构造的
510,70090,1000,0,擅自改变机动车已登记特征的
511,70100,1000,0,擅自改变机动车型号的
512,70110,1000,0,擅自改变发动机号的
513,70120,1000,0,擅自改变车架号的
514,70130,1000,0,擅自改变车辆识别代号的
515,70140,500,0,使用已擅自改变登记结构的机动车的
516,70150,500,0,使用已擅自改变登记构造的机动车的
517,70160,500,0,使用已擅自改变登记特征的机动车的
518,70170,500,0,使用已擅自改变型号的机动车的
519,70180,500,0,使用已擅自改变发动机号的机动车的
520,70190,500,0,使用已擅自改变车架号的机动车的
521,70200,500,0,使用已擅自改变车辆识别代号的机动车的
522,70210,0,0,占用道路从事集市贸易、摆摊设点、打谷晒粮等妨碍交通安全的行为的
523,70220,50,0,用于营运的载货汽车和大、中型载客汽车（城市公交车除外），驾驶室两侧未喷涂营运单位名称的
524,70230,50,0,用于营运的载货汽车和大、中型载客汽车（城市公交车除外），驾驶室两侧未喷涂营运准载人数的
525,70240,50,0,用于营运的载货汽车和大、中型载客汽车（城市公交车除外），驾驶室两侧未喷涂营运核载质量的
526,70250,50,0,非机动车在非机动车道内逆向行驶的
527,70260,50,0,非机动车进入高等级公路、城市快速路、高架路或者其他封闭的机动车专用道的
528,70270,20,0,非机动车与相邻行驶的非机动车未保持安全距离的
529,70280,20,0,非机动车在与行人混行的道路上行驶时未避让行人
530,70290,20,0,非机动车行经人行横道时未避让行人的
531,70300,20,0,非机动车在车行道上停车滞留的
532,70310,20,0,设有转向灯的非机动车在转弯前不开启转向灯的
533,70320,20,0,自行车、电动自行车、三轮车在人行道上骑行的
534,70330,20,0,制动器失效时骑行非机动车的
535,70340,20,0,夜间无有效照明条件时骑行非机动车的
536,70350,20,0,未成年人驾驶自行车载人的
537,70360,20,0,成年人驾驶自行车在固定座椅内载2名以上儿童的
538,70370,0,0,行人进入高等级公路、城市快速路、高架路或者其他封闭的机动车专用道的
539,70380,0,0,将牲畜赶入高等级公路的
540,70390,0,0,在行车道上兜售、发送物品的
541,70400,0,0,在没有人行道的道路上，不在距离道路边缘线1米的范围内行走的
542,70410,0,0,乘坐载客汽车，车辆未停稳前上下车的
543,70420,0,0,明知驾驶人无驾驶证、饮酒驾驶机动车而去乘坐的
544,70430,0,0,搭乘电动自行车、货运三轮车、轻便摩托车、拖拉机的
545,70440,0,0,违反规定搭乘自行车、残疾人机动轮椅车的
546,70450,10,0,机动车在高等级公路发生故障和事故时，驾驶人、乘车人未按照规定离开车辆和行车道的
547,70460,100,0,在高等级公路学习驾驶机动车的
548,70470,0,0,机动车有被盗抢嫌疑的
549,70480,0,0,因交通事故收集证据需要的
550,71010,50,0,在划有公交专用车道的道路上，公共汽车不在公交专用车道内行驶的
551,71020,50,0,在划有公交专用车道的道路上，其他车辆在公共汽车营运时间内进入公交专用车道行驶的
552,71030,50,0,在公交专用车道内行驶的公共汽车，遇前方有障碍无法正常通行时临时借用相邻车道超越障碍后不驶回公交专用车道行驶的
553,71040,100,0,在高等级公路非紧急情况时在应急车道行驶的
554,71050,100,0,在高等级公路非紧急情况时在应急车道停车的
555,72010,100,0,在同方向划有2条以上机动车道的道路上，大型载客汽车、载货汽车、摩托车、拖拉机、低速载货汽车、三轮汽车、轮式专用机械车、实习期内的驾驶人驾驶的机动车在快速车道上行驶的
556,72020,100,0,在设有主路、辅路的道路上，拖拉机、低速载货汽车、三轮汽车、轮式专用机械车和摩托车在主路上行驶的
557,72030,100,0,在高等级公路骑、压车行道分界线
558,72040,100,0,在高等级公路紧急停车带、路肩上行驶的
559,73010,100,0,擅自安装和使用干扰道路交通技术监控设备装置的
560,73020,100,0,在行人遇人行道有障碍需要借用车行道通行时，不避让行人的
561,73030,100,0,机动车遇前方交通阻塞、车辆停车排队等候或者缓慢行驶时，不停车等候的
562,73040,100,0,机动车遇前方交通阻塞、车辆停车排队等候或者缓慢行驶时，不依次行驶的
563,73050,100,0,机动车遇前方交通阻塞、车辆停车排队等候或者缓慢行驶时，进入非机动车道的
564,73060,100,0,机动车遇前方交通阻塞、车辆停车排队等候或者缓慢行驶时，进入人行道行驶的
565,73070,100,0,机动车遇前方交通阻塞、车辆停车排队等候或者缓慢行驶时，鸣号催促的
566,73080,100,0,牵引机动车时，牵引车与被牵引车由实习驾驶人驾驶的
567,73090,100,0,牵引机动车时，同方向设有2条以上机动车道的，不在最右侧车道内行驶的
568,73100,100,0,牵引机动车时，道路设有主路、辅路的，不在辅路上行驶的
569,73110,100,0,拖斗车、载运危险和剧毒化学品的车辆牵引其他机动车的
570,73120,50,0,用于营运的载货汽车和大、中型载客汽车（城市公交车除外），车厢后部未喷涂放大的牌号的
571,73130,100,0,拖拉机、电瓶车、轮式专用机械车以及其他设计最高时速低于60公里的机动车进入高等级公路的
572,73140,100,0,在高等级公路穿越中央分隔带掉头的
573,73150,100,0,在高等级公路匝道上超车的
574,73160,100,0,在高等级公路加速车道上超车的
575,73170,100,0,在高等级公路减速车道上超车的
576,73180,100,0,在高等级公路试车的
577,73190,100,0,机动车在高等级公路上遇前方交通堵塞无法正常行驶时，占用最左侧车道的
578,73200,100,0,机动车在高等级公路上遇前方交通堵塞无法正常行驶时，占用对向车道的
579,73210,200,0,机动车在高等级公路上行驶时，开启后照灯的
580,76010,100,0,倒置号牌的
581,76020,100,0,非法安装两副以上号牌的
582,76030,100,0,使用残缺号牌的
583,76040,100,0,在号牌上自行安装、喷涂、粘贴反光材料的
584,76050,100,0,机动车驾驶人在实习期内驾驶接送幼儿园儿童、中小学校学生的专车的
585,76060,200,0,驾驶大、中型营运性客运车辆在22时至次日6时通行三级以下道路的
586,76070,100,0,在高等级公路倒车的
587,76080,100,0,在高等级公路逆行的
588,76090,100,0,在高等级公路车道内停车的
589,76100,200,0,机动车在高等级公路上上下乘客的
590,76110,200,0,机动车在高等级公路上装卸货物的
591,76120,200,0,在高等级公路行车道上修理车辆的
592,,,,
593,80011,50,0,驾驶号牌、证照、标志不全的车辆上路行驶(已取得检验合格标志未放置的)
594,80012,100,0,驾驶号牌、证照、标志不全的车辆上路行驶(驾驶证、行驶证遗失、损毁未补办的)
595,80013,100,0,驾驶号牌、证照、标志不全的车辆上路行驶(机动车号牌遗失、损毁未补办的)
596,80020,200,0,持有两本以上的驾驶证
597,80030,200,0,一车非法拥有两副以上号牌
598,80040,200,0,多车使用同一副号牌
599,80050,100,0,营运性客车、单位交通车不按规定站点停靠的
600,80060,100,0,前方交通阻塞，不按规定通行的
601,80070,100,0,驾驶车辆通过交叉路口不按规定减速的
602,80080,100,0,货运汽车、低速载货汽车、三轮汽车、拖拉机违反规定载人的
603,80090,100,0,驾驶机动车相互追逐的
604,80100,100,0,不服从交警指挥的
605,80110,100,0,不按规定停放车辆的
606,80120,100,0,不按规定使用警报器、标志灯具的
607,80130,200,0,在禁止通行的时间、路段、车道内行驶的
608,80140,200,0,不按规定左转、调头的
609,80150,200,0,不按规定申领临时通行牌证、教练车号的
610,80160,200,0,驾驶不按规定检验、检验不合格车辆的
611,80210,50,0,在禁止通行的时间、路段、车道内行驶的
612,80220,50,0,逆向行驶的
613,80230,50,0,不按信号指示行驶的
614,80240,50,0,在人行道上行驶的
615,80250,50,0,非下肢残疾人驾驶残疾人机动轮椅车上道路行驶的
616,80310,20,0,在机动车道上招乘营运性车辆的
617,80320,20,0,在车行道上从机动车左侧上下车的
618,80330,20,0,侧坐或者背向驾驶人骑坐二轮、侧三轮摩托车的
619,80340,20,0,将身体伸出行驶的机动车外的
620,80350,20,0,不按照交通信号、标志、交通警察指挥通行的
621,80360,20,0,不走人行横道、地下通道、过街天桥的
622,80370,20,0,在禁止行人通行的高架桥、立交桥行走的
623,80380,20,0,跨越、倚坐道路隔离设施的
624,80390,20,0,在道路上使用滑板、旱冰鞋滑行的
625,81011,50,0,未放置保险标志的
626,81012,50,0,未携带驾驶证、行驶证的
627,82010,50,0,驾驶机动车使用手持移动电话
628,82020,50,0,驾驶机动车吸烟、饮食的
629,82030,50,0,驾驶机动车观看电视、阅读报刊、使用耳机的
630,82040,50,0,驾驶摩托车不戴专用安全头盔的
631,82050,100,0,驾驶车辆通过人行横道不按规定减速的
632,82060,100,0,违反警令、禁止、警告标志、标线的
633,82070,100,0,进入导向车道、不按规定方向行驶的
634,83010,100,0,未悬挂机动车号牌的
635,83020,100,0,车辆发生故障、交通事故，不按规定开启灯光、设置故障标志的
636,83030,100,0,违反交通信号指示不按交通信号灯规定通行的
637,83040,200,0,逆向行驶的
